mysql> create table movie(
    -> id int auto_increment primary key,
    -> name varchar(30),
    -> year int,
    -> director varchar(30),
    -> grade int);
Query OK, 0 rows affected (0.13 sec)

mysql> select * from movie;
Empty set (0.05 sec)

mysql> insert into movie(id,name,year,director,grade)
    -> values(1,"Speed and passion 5","2011","Justin Lin","8.4"),
    -> (2,"Extreme agent 2","2005","Lee Tamahor","5.6");
Query OK, 2 rows affected (0.07 sec)
Records: 2  Duplicates: 0  Warnings: 0

mysql> select * from movie;
+----+---------------------+------+-------------+-------+
| id | name                | year | director    | grade |
+----+---------------------+------+-------------+-------+
|  1 | Speed and passion 5 | 2011 | Justin Lin  |     8 |
|  2 | Extreme agent 2     | 2005 | Lee Tamahor |     6 |
+----+---------------------+------+-------------+-------+
2 rows in set (0.01 sec)

mysql> select * from movie where name like"%s%";
+----+---------------------+------+------------+-------+
| id | name                | year | director   | grade |
+----+---------------------+------+------------+-------+
|  1 | Speed and passion 5 | 2011 | Justin Lin |     8 |
+----+---------------------+------+------------+-------+
1 row in set (0.04 sec)

mysql> select * from movie where name like"%2%";
+----+-----------------+------+-------------+-------+
| id | name            | year | director    | grade |
+----+-----------------+------+-------------+-------+
|  2 | Extreme agent 2 | 2005 | Lee Tamahor |     6 |
+----+-----------------+------+-------------+-------+
1 row in set (0.00 sec)

mysql> select * from movie where year=2011;
+----+---------------------+------+------------+-------+
| id | name                | year | director   | grade |
+----+---------------------+------+------------+-------+
|  1 | Speed and passion 5 | 2011 | Justin Lin |     8 |
+----+---------------------+------+------------+-------+
1 row in set (0.00 sec)

mysql> select * from movie where grade in(select max(grade) from movie);
+----+---------------------+------+------------+-------+
| id | name                | year | director   | grade |
+----+---------------------+------+------------+-------+
|  1 | Speed and passion 5 | 2011 | Justin Lin |     8 |
+----+---------------------+------+------------+-------+
1 row in set (0.04 sec)

mysql> exit;
Bye
